time,open,high,low,close,volume
2024-01-01 00:00:00+00:00,0.84051,0.842635,0.8398650000000001,0.8425549999999999,19781.88031321764
2024-01-02 00:00:00+00:00,0.84257,0.850715,0.841925,0.849145,266444.3742052242
2024-01-03 00:00:00+00:00,0.84915,0.855445,0.8487750000000001,0.84989,302405.94557168335
2024-01-04 00:00:00+00:00,0.8498950000000001,0.8528800000000001,0.8477250000000001,0.84968,255057.0441486612
2024-01-05 00:00:00+00:00,0.8496699999999999,0.8577,0.8455349999999999,0.85015,281526.1450777054
2024-01-07 00:00:00+00:00,0.850815,0.850965,0.85043,0.850465,2090.7900520563126
2024-01-08 00:00:00+00:00,0.85048,0.8521350000000001,0.84604,0.847615,194615.63325960934
2024-01-09 00:00:00+00:00,0.8476049999999999,0.8532,0.846445,0.852465,201835.84342234582
2024-01-10 00:00:00+00:00,0.852465,0.8535349999999999,0.850075,0.85009,191226.5128241554
2024-01-11 00:00:00+00:00,0.850075,0.856645,0.84894,0.85208,348124.18507020175
2024-01-12 00:00:00+00:00,0.852085,0.8550949999999999,0.848855,0.852305,221988.07315272093
2024-01-14 00:00:00+00:00,0.853475,0.8541000000000001,0.853225,0.85324,5891.220110297203
2024-01-15 00:00:00+00:00,0.8532500000000001,0.85755,0.852215,0.8574299999999999,149394.58293023705
2024-01-16 00:00:00+00:00,0.85744,0.862215,0.856445,0.861405,287399.7544672042
2024-01-17 00:00:00+00:00,0.8613949999999999,0.86852,0.8607750000000001,0.8639049999999999,251334.71430342644
2024-01-18 00:00:00+00:00,0.8638950000000001,0.86941,0.863335,0.86822,327294.3432885632
2024-01-19 00:00:00+00:00,0.868195,0.8704449999999999,0.8676550000000001,0.868065,200039.81259939075
2024-01-21 00:00:00+00:00,0.868565,0.868915,0.868025,0.8680650000000001,8489.890140891075
2024-01-22 00:00:00+00:00,0.86807,0.87008,0.8666149999999999,0.868885,226773.09361353517
2024-01-23 00:00:00+00:00,0.86887,0.8728450000000001,0.8650100000000001,0.8698049999999999,214388.60359125584
2024-01-24 00:00:00+00:00,0.869815,0.86997,0.860665,0.864375,288363.73366449773
2024-01-25 00:00:00+00:00,0.86436,0.868495,0.862635,0.867435,308387.03409608454
2024-01-26 00:00:00+00:00,0.86741,0.86851,0.8616349999999999,0.8642799999999999,262317.6436429545
2024-01-28 00:00:00+00:00,0.8643799999999999,0.86448,0.8639,0.863965,4670.090091347694
2024-01-29 00:00:00+00:00,0.86395,0.86494,0.86069,0.861105,222739.62339890003
2024-01-30 00:00:00+00:00,0.86111,0.86432,0.860795,0.8618049999999999,221107.53332918882
2024-01-31 00:00:00+00:00,0.86181,0.8644000000000001,0.85509,0.86269,426368.6964136064
2024-02-01 00:00:00+00:00,0.862695,0.864985,0.85676,0.857205,341508.47507350147
2024-02-02 00:00:00+00:00,0.85721,0.86808,0.85533,0.866885,293927.5839972794
2024-02-04 00:00:00+00:00,0.867065,0.8687549999999999,0.86682,0.867875,16720.970392107964
2024-02-05 00:00:00+00:00,0.86788,0.871875,0.867085,0.87067,223711.30338796228
2024-02-06 00:00:00+00:00,0.87065,0.87414,0.86902,0.869685,253010.3735488057
2024-02-07 00:00:00+00:00,0.86968,0.875335,0.8688450000000001,0.8734850000000001,256400.64364495873
2024-02-08 00:00:00+00:00,0.8734850000000001,0.876115,0.87244,0.87393,224196.5231489092
2024-02-09 00:00:00+00:00,0.873885,0.876215,0.8731450000000001,0.87489,192088.95284886658
2024-02-11 00:00:00+00:00,0.87426,0.874395,0.8741650000000001,0.87422,4646.020069718361
2024-02-12 00:00:00+00:00,0.87422,0.87729,0.872665,0.87582,156523.3623715043
2024-02-13 00:00:00+00:00,0.8758250000000001,0.8881049999999999,0.8755649999999999,0.88727,299859.2443804145
2024-02-14 00:00:00+00:00,0.887265,0.888585,0.8847700000000001,0.885265,189148.46300900728
2024-02-15 00:00:00+00:00,0.885255,0.88582,0.8783000000000001,0.8807,250679.4234600067
2024-02-16 00:00:00+00:00,0.88069,0.88393,0.879805,0.88063,182106.69307382405
2024-02-18 00:00:00+00:00,0.880775,0.88078,0.87974,0.879785,3749.700066804886
2024-02-19 00:00:00+00:00,0.879775,0.8831,0.879675,0.88289,128398.15229554474
2024-02-20 00:00:00+00:00,0.8828849999999999,0.883795,0.878585,0.881695,155328.7228807509
2024-02-21 00:00:00+00:00,0.8816999999999999,0.881945,0.8783449999999999,0.878355,163366.55300055444
2024-02-22 00:00:00+00:00,0.8783449999999999,0.88215,0.8742700000000001,0.880485,190633.35343392193
2024-02-23 00:00:00+00:00,0.880495,0.88194,0.8781300000000001,0.8811599999999999,90982.86164788902
2024-02-25 00:00:00+00:00,0.8813150000000001,0.88189,0.881175,0.881885,2132.970041036606
2024-02-26 00:00:00+00:00,0.88188,0.8822300000000001,0.878825,0.8804799999999999,96926.91187407821
2024-02-27 00:00:00+00:00,0.8804700000000001,0.881065,0.878495,0.879235,120717.29228256643
2024-02-28 00:00:00+00:00,0.879245,0.881575,0.878415,0.878785,110172.66206102818
2024-02-29 00:00:00+00:00,0.878795,0.8849,0.87795,0.8840250000000001,168114.71285501868
2024-03-01 00:00:00+00:00,0.88401,0.889275,0.883005,0.88353,154521.88259908557
2024-03-03 00:00:00+00:00,0.8834299999999999,0.883535,0.882655,0.882935,2817.7800472974777
2024-03-04 00:00:00+00:00,0.882935,0.88643,0.880575,0.88516,128284.6222178787
2024-03-05 00:00:00+00:00,0.885175,0.8866499999999999,0.8825700000000001,0.88441,114588.3020568192
2024-03-06 00:00:00+00:00,0.8844099999999999,0.885575,0.880445,0.882045,131558.95223796368
2024-03-07 00:00:00+00:00,0.882015,0.88224,0.87671,0.877125,169357.4228074625
2024-03-08 00:00:00+00:00,0.877115,0.8783399999999999,0.8729750000000001,0.87725,150483.1826288104
2024-03-10 00:00:00+00:00,0.877565,0.8776900000000001,0.87693,0.877295,2185.740051150322
2024-03-11 00:00:00+00:00,0.8773,0.8795,0.875505,0.8774150000000001,124969.9522292614
2024-03-12 00:00:00+00:00,0.8773949999999999,0.8795,0.87473,0.8774150000000001,207940.75321432948
2024-03-13 00:00:00+00:00,0.87741,0.878985,0.87662,0.878465,144097.74234765768
2024-03-14 00:00:00+00:00,0.87845,0.88493,0.87822,0.884835,182396.28323671222
2024-03-15 00:00:00+00:00,0.8848149999999999,0.88529,0.88195,0.883875,136784.97216165066
2024-03-17 00:00:00+00:00,0.8835949999999999,0.8838550000000001,0.88342,0.8835999999999999,4786.690072178841
2024-03-18 00:00:00+00:00,0.8835999999999999,0.8884650000000001,0.88217,0.888425,149116.73229411244
2024-03-19 00:00:00+00:00,0.88842,0.88987,0.886725,0.88863,183523.68343654275
2024-03-20 00:00:00+00:00,0.8886350000000001,0.8918900000000001,0.884995,0.885105,273102.1443422735
2024-03-21 00:00:00+00:00,0.8851199999999999,0.8994150000000001,0.883945,0.897485,296611.4246421382
2024-03-22 00:00:00+00:00,0.897475,0.902055,0.89657,0.89757,187710.32299363613
2024-03-24 00:00:00+00:00,0.89769,0.8984449999999999,0.897475,0.89836,6283.380110859871
2024-03-25 00:00:00+00:00,0.89836,0.89988,0.896925,0.8994249999999999,150886.97263377905
2024-03-26 00:00:00+00:00,0.8994249999999999,0.90435,0.899065,0.90358,154401.32242560387
2024-03-27 00:00:00+00:00,0.90359,0.90716,0.903315,0.905705,153978.55259235948
2024-03-28 00:00:00+00:00,0.90572,0.906485,0.8999699999999999,0.90193,285434.43519571424
2024-03-29 00:00:00+00:00,0.90196,0.902825,0.90071,0.90167,285194.1562521085
2024-03-31 00:00:00+00:00,0.902025,0.902285,0.901325,0.90226,9312.900255322456
2024-04-01 00:00:00+00:00,0.902265,0.90571,0.90053,0.905615,128116.59222837538
2024-04-02 00:00:00+00:00,0.905605,0.909095,0.90536,0.90796,162795.3026498407
2024-04-03 00:00:00+00:00,0.907955,0.909565,0.902695,0.90304,161264.44260144234
2024-04-04 00:00:00+00:00,0.90303,0.90751,0.900905,0.902205,190655.0831208229
2024-04-05 00:00:00+00:00,0.9022,0.90712,0.8997900000000001,0.90197,202425.5329889059
2024-04-07 00:00:00+00:00,0.90325,0.904175,0.90316,0.90391,21837.80033969879
2024-04-08 00:00:00+00:00,0.903905,0.906575,0.9024,0.905315,177209.61297047138
2024-04-09 00:00:00+00:00,0.90531,0.905455,0.901285,0.903695,167297.91264944524
2024-04-10 00:00:00+00:00,0.903715,0.914755,0.902505,0.912995,276434.9043407887
2024-04-11 00:00:00+00:00,0.913005,0.914675,0.907435,0.90973,200232.25341913104
2024-04-12 00:00:00+00:00,0.909745,0.91458,0.90955,0.914065,172784.32293117046
2024-04-14 00:00:00+00:00,0.913805,0.914795,0.913495,0.91366,15324.530323982239
2024-04-15 00:00:00+00:00,0.913665,0.91521,0.911415,0.91269,195550.47323524207
2024-04-16 00:00:00+00:00,0.91268,0.91421,0.911155,0.912275,221522.27389872074
2024-04-17 00:00:00+00:00,0.91225,0.913255,0.909375,0.910605,161682.43284839392
2024-04-18 00:00:00+00:00,0.9106,0.91312,0.90601,0.90757,188605.01333665848
2024-04-19 00:00:00+00:00,0.90758,0.91067,0.901085,0.91018,265510.42501187325
2024-04-21 00:00:00+00:00,0.911205,0.9113,0.9102,0.910405,10527.56023156643
2024-04-22 00:00:00+00:00,0.9104,0.912405,0.909855,0.91199,117351.27205312252
2024-04-23 00:00:00+00:00,0.912,0.91303,0.908705,0.91142,147142.84246385098
2024-04-24 00:00:00+00:00,0.91143,0.915335,0.91141,0.91424,123518.72199436277
2024-04-25 00:00:00+00:00,0.91429,0.91569,0.911735,0.912955,158578.0825785175
2024-04-26 00:00:00+00:00,0.91295,0.91502,0.909625,0.914385,157546.0026948452
2024-04-28 00:00:00+00:00,0.91373,0.915325,0.912645,0.91275,13336.620244383812
2024-04-29 00:00:00+00:00,0.912755,0.913285,0.90885,0.91134,189688.7432976961
2024-04-30 00:00:00+00:00,0.911355,0.92008,0.910505,0.92006,194453.23312687874
2024-05-01 00:00:00+00:00,0.92007,0.92244,0.91459,0.916805,202211.90381034464
2024-05-02 00:00:00+00:00,0.91681,0.9171,0.90887,0.90913,204541.33312946558
2024-05-03 00:00:00+00:00,0.909125,0.909725,0.9006000000000001,0.90522,199497.22331737727
2024-05-05 00:00:00+00:00,0.905925,0.90611,0.90536,0.90561,6658.210133314133
2024-05-06 00:00:00+00:00,0.9056,0.90763,0.90359,0.90744,96457.78169643879
2024-05-07 00:00:00+00:00,0.90739,0.909385,0.905795,0.908985,109527.38177847862
2024-05-08 00:00:00+00:00,0.908985,0.909595,0.907335,0.908295,92398.9814631939
2024-05-09 00:00:00+00:00,0.908285,0.90987,0.905495,0.90662,96802.02147173882
2024-05-10 00:00:00+00:00,0.90665,0.90854,0.90562,0.906485,81836.2312912941
2024-05-12 00:00:00+00:00,0.90652,0.907,0.906335,0.90688,6051.5601098537445
2024-05-13 00:00:00+00:00,0.9069,0.90874,0.90457,0.90837,86438.89143055677
2024-05-14 00:00:00+00:00,0.90838,0.91026,0.905505,0.9063,126346.01203698665
2024-05-15 00:00:00+00:00,0.906315,0.906515,0.8988149999999999,0.8999550000000001,171095.28266397864
2024-05-16 00:00:00+00:00,0.8999550000000001,0.907345,0.8997200000000001,0.907175,121444.70194551349
2024-05-17 00:00:00+00:00,0.90717,0.909845,0.90641,0.90915,82841.18134510517
2024-05-19 00:00:00+00:00,0.90899,0.90973,0.908855,0.90925,8329.710127711296
2024-05-20 00:00:00+00:00,0.909245,0.911295,0.90791,0.91128,100340.05161085725
2024-05-21 00:00:00+00:00,0.911315,0.91165,0.90872,0.91089,102398.00167477131
2024-05-22 00:00:00+00:00,0.91088,0.91583,0.91069,0.91491,120178.4819715023
2024-05-23 00:00:00+00:00,0.91493,0.915475,0.912645,0.914705,207682.99293464422
2024-05-24 00:00:00+00:00,0.91472,0.915825,0.913395,0.914695,89509.53139400482
2024-05-26 00:00:00+00:00,0.9145,0.91465,0.914355,0.9145,2715.150058865547
2024-05-27 00:00:00+00:00,0.91449,0.91539,0.91209,0.91213,78412.26126679778
2024-05-28 00:00:00+00:00,0.91212,0.91272,0.90856,0.912025,141914.79224440455
2024-05-29 00:00:00+00:00,0.912055,0.91436,0.9113,0.913985,117052.38184577227
2024-05-30 00:00:00+00:00,0.913985,0.9141,0.90242,0.903245,160964.71246047318
2024-05-31 00:00:00+00:00,0.903265,0.90693,0.9002600000000001,0.902285,150166.97231185436
2024-06-02 00:00:00+00:00,0.901385,0.901795,0.90052,0.9006449999999999,6561.460125803947
2024-06-03 00:00:00+00:00,0.90064,0.90358,0.89466,0.8958999999999999,152217.1522654742
2024-06-04 00:00:00+00:00,0.89591,0.897255,0.88846,0.890575,175936.8825456649
2024-06-05 00:00:00+00:00,0.8905700000000001,0.89489,0.8903650000000001,0.89104,134046.77198832482
2024-06-06 00:00:00+00:00,0.891035,0.8930849999999999,0.8891800000000001,0.89022,122834.90185633302
2024-06-07 00:00:00+00:00,0.890225,0.897295,0.888125,0.89647,149921.84224451333
2024-06-09 00:00:00+00:00,0.8961049999999999,0.89708,0.8958,0.89681,6858.7601417303085
2024-06-10 00:00:00+00:00,0.8968050000000001,0.8983099999999999,0.8954599999999999,0.896745,109191.48163923621
2024-06-11 00:00:00+00:00,0.89675,0.899335,0.895945,0.897675,116367.12170916796
2024-06-12 00:00:00+00:00,0.897685,0.897945,0.8893150000000001,0.89486,214233.50344374776
2024-06-13 00:00:00+00:00,0.8948750000000001,0.8967400000000001,0.893185,0.893725,153404.22233396024
2024-06-14 00:00:00+00:00,0.893725,0.8947849999999999,0.889475,0.8902049999999999,190965.3626891896
2024-06-16 00:00:00+00:00,0.89083,0.890885,0.8903300000000001,0.8907849999999999,6724.6401336193085
2024-06-17 00:00:00+00:00,0.8908,0.89323,0.88802,0.889295,136508.70202295482
2024-06-18 00:00:00+00:00,0.889335,0.89,0.882695,0.884065,200802.3229013905
2024-06-19 00:00:00+00:00,0.88408,0.8854599999999999,0.8833949999999999,0.883565,93987.23141662776
2024-06-20 00:00:00+00:00,0.88356,0.892615,0.88322,0.891745,179411.89268927276
2024-06-21 00:00:00+00:00,0.891745,0.8945700000000001,0.890515,0.8941950000000001,129700.26175320148
2024-06-23 00:00:00+00:00,0.894415,0.8945449999999999,0.89343,0.89365,7517.29014480114
2024-06-24 00:00:00+00:00,0.8936550000000001,0.89419,0.8917200000000001,0.89225,116415.23176968098
2024-06-25 00:00:00+00:00,0.892255,0.89571,0.89132,0.895055,107459.84164726734
2024-06-26 00:00:00+00:00,0.89505,0.898315,0.894665,0.897015,129759.05179958045
2024-06-27 00:00:00+00:00,0.896985,0.90001,0.895745,0.89987,112915.42167139798
2024-06-28 00:00:00+00:00,0.8998649999999999,0.90099,0.89796,0.898645,137983.0520567894
2024-07-16 00:00:00+00:00,0.894955,0.895035,0.8935599999999999,0.893595,4292.0200744867325
2024-07-17 00:00:00+00:00,0.89393,0.8940250000000001,0.89371,0.89383,1447.120025396347
2024-09-03 00:00:00+00:00,0.85249,0.8529100000000001,0.85239,0.8527450000000001,4030.3400753736496
2024-09-18 00:00:00+00:00,0.845865,0.85149,0.845865,0.850385,49350.28087222576
2024-09-19 00:00:00+00:00,0.8503799999999999,0.85064,0.845265,0.8477,164689.66249379516
2024-10-03 00:00:00+00:00,0.852435,0.8531,0.851565,0.85199,37718.2806917429
2024-10-04 00:00:00+00:00,0.852005,0.8607899999999999,0.85002,0.85857,198266.97296357155
2024-10-06 00:00:00+00:00,0.85876,0.85888,0.85762,0.85773,15048.320296764374
2024-10-07 00:00:00+00:00,0.857755,0.85907,0.85312,0.8538250000000001,228727.42333991826
2024-10-08 00:00:00+00:00,0.8538300000000001,0.858425,0.853045,0.8574299999999999,208963.61293964088
2024-10-09 00:00:00+00:00,0.85744,0.86124,0.856555,0.86036,162779.8623456955
2024-10-10 00:00:00+00:00,0.8603700000000001,0.8614850000000001,0.85589,0.857325,239009.08383557945
2024-10-11 00:00:00+00:00,0.85734,0.8584700000000001,0.8559,0.85721,107283.62164480984
2024-10-13 00:00:00+00:00,0.8582799999999999,0.8585750000000001,0.85799,0.858375,5838.60011613369
2024-10-14 00:00:00+00:00,0.858365,0.864185,0.858085,0.861645,108942.3018695414
2024-10-15 00:00:00+00:00,0.861675,0.8637,0.8606750000000001,0.861825,161782.10248250514
2024-10-16 00:00:00+00:00,0.86181,0.865965,0.86144,0.86555,123871.08197479695
2024-10-17 00:00:00+00:00,0.86554,0.8669899999999999,0.863,0.865965,174100.58271712065
2024-10-18 00:00:00+00:00,0.8659749999999999,0.86695,0.86459,0.8647400000000001,105238.43173313141
2024-10-20 00:00:00+00:00,0.865,0.86541,0.86469,0.86485,9245.780162215233
2024-10-21 00:00:00+00:00,0.86484,0.866405,0.863325,0.86495,126686.93193262815
2024-10-22 00:00:00+00:00,0.864935,0.867,0.864515,0.86685,131362.50220131874
2024-10-23 00:00:00+00:00,0.86684,0.868615,0.86615,0.866645,133035.90224957466
2024-10-24 00:00:00+00:00,0.866655,0.8671800000000001,0.865075,0.86605,165835.22292721272
2024-10-25 00:00:00+00:00,0.86606,0.86746,0.8650549999999999,0.8667499999999999,118178.70193207264
2024-10-27 00:00:00+00:00,0.86853,0.869415,0.868225,0.8692,8773.040150523186
2024-10-28 00:00:00+00:00,0.86921,0.87,0.86436,0.8650599999999999,163993.70284868032
2024-10-29 00:00:00+00:00,0.865085,0.869845,0.86464,0.867335,176124.79308716953
2024-10-30 00:00:00+00:00,0.86734,0.86938,0.8654,0.866385,189447.81329549104
2024-10-31 00:00:00+00:00,0.8663749999999999,0.866485,0.863255,0.863515,242074.41401528567
2024-11-01 00:00:00+00:00,0.86352,0.87115,0.86324,0.8698999999999999,222272.54362146556
2024-11-03 00:00:00+00:00,0.867695,0.867695,0.86679,0.86707,7103.230113744736
2024-11-04 00:00:00+00:00,0.867085,0.86714,0.861505,0.8638950000000001,215492.80346862227
2024-11-05 00:00:00+00:00,0.8639,0.86862,0.861605,0.8685849999999999,269749.67377974093
2024-11-06 00:00:00+00:00,0.8685799999999999,0.877375,0.8673,0.877175,727244.461712122
2024-11-07 00:00:00+00:00,0.8771800000000001,0.877455,0.8709450000000001,0.8731249999999999,342181.8650204241
2024-11-08 00:00:00+00:00,0.87312,0.87692,0.870115,0.875445,306883.7138277516
2024-11-10 00:00:00+00:00,0.87616,0.87678,0.876005,0.876425,6949.18012869358
2024-11-11 00:00:00+00:00,0.87642,0.880995,0.8758250000000001,0.88066,213063.123230204
2024-11-12 00:00:00+00:00,0.88067,0.88364,0.880295,0.88273,274580.23418591917
2024-11-13 00:00:00+00:00,0.88274,0.8863650000000001,0.879805,0.88573,335849.29462374747
2024-11-14 00:00:00+00:00,0.8857299999999999,0.89178,0.8857299999999999,0.890305,333347.29487549514
2024-11-15 00:00:00+00:00,0.890305,0.89044,0.8859250000000001,0.88774,359737.2442346141
2024-11-17 00:00:00+00:00,0.8885000000000001,0.88862,0.887155,0.88737,12134.540232419968
2024-11-18 00:00:00+00:00,0.887375,0.88848,0.882925,0.883475,247259.57359223813
2024-11-19 00:00:00+00:00,0.8834850000000001,0.884495,0.88013,0.882865,324414.7546610087
2024-11-20 00:00:00+00:00,0.8828400000000001,0.886235,0.882505,0.8832949999999999,209323.79297721386
2024-11-21 00:00:00+00:00,0.8832949999999999,0.88701,0.882105,0.88639,321385.8043106571
2024-11-22 00:00:00+00:00,0.886385,0.8957649999999999,0.8851800000000001,0.894055,353105.0548543632
2024-11-24 00:00:00+00:00,0.8905449999999999,0.891125,0.8902650000000001,0.890675,13222.240235686302
2024-11-25 00:00:00+00:00,0.8907,0.8917200000000001,0.88486,0.8887050000000001,345121.55514653027
2024-11-26 00:00:00+00:00,0.8887,0.88905,0.88426,0.88585,325543.74497111887
2024-11-27 00:00:00+00:00,0.88584,0.8862099999999999,0.879775,0.88313,345400.3750696033
2024-11-28 00:00:00+00:00,0.883135,0.884835,0.88126,0.881405,169637.50279396027
2024-11-29 00:00:00+00:00,0.8813949999999999,0.8827849999999999,0.87956,0.881065,325235.3348149881
2024-12-01 00:00:00+00:00,0.8821749999999999,0.88331,0.8820300000000001,0.8831899999999999,10527.590189099312
2024-12-02 00:00:00+00:00,0.883195,0.888965,0.883075,0.88748,298269.5846408531
2024-12-03 00:00:00+00:00,0.88747,0.88886,0.8829750000000001,0.8872249999999999,265874.683772631
2024-12-04 00:00:00+00:00,0.88721,0.887975,0.882675,0.88402,280898.8238781914
2024-12-05 00:00:00+00:00,0.884015,0.885335,0.87792,0.878845,236198.8635886982
2024-12-06 00:00:00+00:00,0.878845,0.879735,0.873605,0.878725,269190.18372967094
2024-12-08 00:00:00+00:00,0.8786149999999999,0.8790549999999999,0.878485,0.878655,6652.470116615295
2024-12-09 00:00:00+00:00,0.8786499999999999,0.88042,0.8758699999999999,0.87888,202733.06280032545
2024-12-10 00:00:00+00:00,0.8788750000000001,0.88327,0.877095,0.88284,213248.31307315826
2024-12-11 00:00:00+00:00,0.88285,0.88544,0.88112,0.883775,288758.72407553345
2024-12-12 00:00:00+00:00,0.88338,0.89281,0.8816649999999999,0.891645,311740.20416127145
2024-12-13 00:00:00+00:00,0.8916649999999999,0.89458,0.8915,0.89259,191087.32269325107
2024-12-15 00:00:00+00:00,0.89177,0.89188,0.89138,0.891595,7256.720150589943
2024-12-16 00:00:00+00:00,0.8916,0.8948750000000001,0.889885,0.89344,209238.3731091395
2024-12-17 00:00:00+00:00,0.893445,0.897505,0.89149,0.89226,207738.99313272536
2024-12-18 00:00:00+00:00,0.892265,0.902205,0.89176,0.90038,266553.8145037517
2024-12-19 00:00:00+00:00,0.9003749999999999,0.90113,0.895205,0.89832,317759.6850599125
2024-12-20 00:00:00+00:00,0.898315,0.898715,0.891365,0.8934,301345.2833880782
2024-12-22 00:00:00+00:00,0.893085,0.89324,0.892795,0.893185,4102.640086770058
2024-12-23 00:00:00+00:00,0.893175,0.90018,0.8927849999999999,0.89897,178603.78266545385
2024-12-24 00:00:00+00:00,0.89897,0.901225,0.89832,0.900205,143147.62190621346
2024-12-25 00:00:00+00:00,0.90019,0.9003950000000001,0.8992450000000001,0.89981,16795.63030088693
2024-12-26 00:00:00+00:00,0.899815,0.901025,0.89848,0.8994,154089.02268009633
2024-12-27 00:00:00+00:00,0.899405,0.902755,0.8989,0.90202,206030.3027337417
2024-12-29 00:00:00+00:00,0.901885,0.90192,0.901435,0.901775,4539.050095796585
2024-12-30 00:00:00+00:00,0.901775,0.90741,0.901025,0.903085,192003.13297068328
2024-12-31 00:00:00+00:00,0.90307,0.908045,0.902325,0.907315,192455.41291099042
2025-01-01 00:00:00+00:00,0.9069,0.907855,0.905535,0.906875,14433.920193888247
2025-01-02 00:00:00+00:00,0.906865,0.91373,0.903915,0.911525,245882.82321903855
2025-01-03 00:00:00+00:00,0.911535,0.912485,0.908025,0.908425,153822.74236323684
2025-01-05 00:00:00+00:00,0.90939,0.91052,0.90939,0.90982,6823.8301384449005
2025-01-06 00:00:00+00:00,0.90982,0.910095,0.900845,0.90538,277069.6042376533
2025-01-07 00:00:00+00:00,0.905395,0.90982,0.902285,0.909375,270070.0935830176
2025-01-08 00:00:00+00:00,0.909365,0.912845,0.908795,0.91073,242717.8237549141
2025-01-09 00:00:00+00:00,0.91073,0.913115,0.909825,0.91214,169406.87254982442
2025-01-10 00:00:00+00:00,0.912155,0.91888,0.911475,0.9164,227030.66363304853
2025-01-12 00:00:00+00:00,0.916945,0.917395,0.91673,0.917045,4242.060080647469
2025-01-13 00:00:00+00:00,0.91704,0.92013,0.91517,0.916535,241081.79325670004
2025-01-14 00:00:00+00:00,0.916525,0.91738,0.91209,0.912595,250559.77349533886
2025-01-15 00:00:00+00:00,0.91259,0.91462,0.908045,0.91193,238402.76349836588
2025-01-16 00:00:00+00:00,0.911925,0.91365,0.91002,0.91036,268372.1836026758
2025-01-17 00:00:00+00:00,0.910375,0.91537,0.90963,0.915,207373.40310385078
2025-01-19 00:00:00+00:00,0.91454,0.91472,0.914095,0.91415,5454.300119161606
2025-01-20 00:00:00+00:00,0.914155,0.91465,0.90515,0.90892,293420.3645625785
2025-01-21 00:00:00+00:00,0.90893,0.911475,0.90495,0.905735,277716.9946831241
2025-01-22 00:00:00+00:00,0.905755,0.907525,0.90327,0.90592,229697.95277620852
2025-01-23 00:00:00+00:00,0.905925,0.91085,0.905675,0.90738,306271.7932499051
2025-01-24 00:00:00+00:00,0.907375,0.9075,0.902745,0.905635,320435.8435687795
2025-01-26 00:00:00+00:00,0.90687,0.907235,0.9062,0.90625,8984.220118641855
2025-01-27 00:00:00+00:00,0.90626,0.907325,0.8965350000000001,0.90458,358790.1941206306
2025-01-28 00:00:00+00:00,0.904585,0.907095,0.903775,0.90408,232002.71238027513
2025-01-29 00:00:00+00:00,0.904075,0.90953,0.90317,0.906115,333533.8733910173
2025-01-30 00:00:00+00:00,0.906125,0.910485,0.90591,0.910265,339755.97335769236
2025-01-31 00:00:00+00:00,0.910275,0.91158,0.907165,0.910805,300722.8737084046
2025-02-02 00:00:00+00:00,0.915145,0.916805,0.914345,0.916215,29402.760607242584
2025-02-03 00:00:00+00:00,0.916205,0.91969,0.909295,0.91204,408325.41593325883
2025-02-04 00:00:00+00:00,0.91205,0.913145,0.904555,0.90512,238519.41312738508
2025-02-05 00:00:00+00:00,0.90511,0.905955,0.90018,0.9017,234990.82304727286
2025-02-06 00:00:00+00:00,0.901695,0.90622,0.90081,0.905605,200911.44237851351
2025-02-07 00:00:00+00:00,0.90561,0.91063,0.90469,0.90969,253698.5336091444
2025-02-09 00:00:00+00:00,0.91098,0.911165,0.910285,0.911075,7603.0301425457
2025-02-10 00:00:00+00:00,0.91106,0.91225,0.909395,0.911275,176506.38219869137
2025-02-11 00:00:00+00:00,0.91129,0.914075,0.911115,0.913225,172108.27220843732
2025-02-12 00:00:00+00:00,0.91323,0.915605,0.910285,0.913845,244032.38322751224
2025-02-13 00:00:00+00:00,0.91385,0.914045,0.902665,0.902725,269987.6735949293
2025-02-14 00:00:00+00:00,0.90272,0.904915,0.8972249999999999,0.900035,196763.77251394838
2025-02-16 00:00:00+00:00,0.89992,0.90032,0.8997200000000001,0.90005,5557.350115537643
2025-02-17 00:00:00+00:00,0.900045,0.901825,0.899185,0.901385,148084.202095218
2025-02-18 00:00:00+00:00,0.901385,0.9043,0.8995599999999999,0.904295,161717.85217036307
2025-02-19 00:00:00+00:00,0.90428,0.90548,0.90237,0.90363,169254.24220395088
2025-02-20 00:00:00+00:00,0.903625,0.90407,0.8975850000000001,0.89864,199671.0624629557
2025-02-21 00:00:00+00:00,0.89862,0.90049,0.896795,0.89769,196198.65251297504
2025-02-23 00:00:00+00:00,0.898515,0.898535,0.896505,0.896575,8258.510162591934
2025-02-24 00:00:00+00:00,0.896585,0.899825,0.895385,0.89749,204946.75288768113
2025-02-25 00:00:00+00:00,0.89747,0.8977649999999999,0.891235,0.89189,202933.5224771276
2025-02-26 00:00:00+00:00,0.891885,0.8964799999999999,0.891645,0.895025,212747.7729376927
2025-02-27 00:00:00+00:00,0.8950199999999999,0.90056,0.89482,0.898485,226204.98286801577
2025-02-28 00:00:00+00:00,0.89849,0.903615,0.89828,0.903,222158.11282063276
2025-03-02 00:00:00+00:00,0.902675,0.90303,0.90194,0.902265,9175.620183587074
2025-03-03 00:00:00+00:00,0.90226,0.90313,0.896055,0.89628,238026.20339693874
2025-03-04 00:00:00+00:00,0.89629,0.8967849999999999,0.88718,0.890145,336019.7347235009
2025-03-05 00:00:00+00:00,0.890145,0.891465,0.8855999999999999,0.8907050000000001,333083.57476142794
2025-03-06 00:00:00+00:00,0.89071,0.89258,0.882305,0.88245,332512.36491678655
2025-03-07 00:00:00+00:00,0.8824449999999999,0.883175,0.87671,0.87985,282203.69403363764
2025-03-09 00:00:00+00:00,0.877345,0.8779,0.87654,0.87689,7772.100133895874
2025-03-10 00:00:00+00:00,0.87688,0.8821749999999999,0.8758349999999999,0.87819,242502.19345217198
2025-03-11 00:00:00+00:00,0.878185,0.8836550000000001,0.877305,0.88359,295834.32438091934
2025-03-12 00:00:00+00:00,0.8835900000000001,0.885235,0.8800650000000001,0.8812,185168.45262752473
2025-03-13 00:00:00+00:00,0.88121,0.8854850000000001,0.880355,0.8832500000000001,178592.35275887698
2025-03-14 00:00:00+00:00,0.883265,0.886415,0.8829750000000001,0.8849750000000001,167006.81246769428
2025-03-16 00:00:00+00:00,0.8841650000000001,0.8846350000000001,0.8838250000000001,0.8845149999999999,4029.96007502079
2025-03-17 00:00:00+00:00,0.88452,0.8847849999999999,0.87979,0.88133,166304.81170637906
2025-03-18 00:00:00+00:00,0.88134,0.88187,0.875915,0.87749,183334.80176854134
2025-03-19 00:00:00+00:00,0.8774850000000001,0.8809450000000001,0.87605,0.876375,186626.1122725159
2025-03-20 00:00:00+00:00,0.87638,0.88429,0.87559,0.88205,221066.36242105812
2025-03-21 00:00:00+00:00,0.88205,0.8840250000000001,0.8796649999999999,0.882905,175770.76161646843
2025-03-23 00:00:00+00:00,0.882915,0.883355,0.8827750000000001,0.883085,3609.460065484047
2025-03-24 00:00:00+00:00,0.883095,0.884595,0.879965,0.88303,162464.3516345322
2025-03-25 00:00:00+00:00,0.8830450000000001,0.8848750000000001,0.88004,0.883195,141342.05134171247
2025-03-26 00:00:00+00:00,0.88319,0.885065,0.88255,0.8835,139825.99198471755
2025-03-27 00:00:00+00:00,0.8834850000000001,0.8847700000000001,0.880385,0.882135,160926.4621140957
2025-03-28 00:00:00+00:00,0.88214,0.8835500000000001,0.879975,0.880585,134710.74179792404
2025-03-30 00:00:00+00:00,0.880915,0.8809400000000001,0.878465,0.87938,11700.16024672985
2025-03-31 00:00:00+00:00,0.879375,0.8855299999999999,0.878115,0.88351,160345.12221746147
2025-04-01 00:00:00+00:00,0.88351,0.8843799999999999,0.881695,0.8837349999999999,147841.80209174752
2025-04-02 00:00:00+00:00,0.88372,0.884865,0.87639,0.8770249999999999,234105.2844704613
2025-04-03 00:00:00+00:00,0.87703,0.87744,0.85471,0.85622,408828.3379916996
2025-04-04 00:00:00+00:00,0.856215,0.8626,0.847685,0.86046,518196.97031437606
2025-04-06 00:00:00+00:00,0.85167,0.855615,0.85145,0.855305,54050.791511416435
2025-04-07 00:00:00+00:00,0.8553,0.867415,0.845075,0.8571599999999999,650975.892297186
2025-04-08 00:00:00+00:00,0.85716,0.860175,0.84216,0.84439,487877.66905076057
2025-04-09 00:00:00+00:00,0.844395,0.85834,0.8359449999999999,0.8528100000000001,710353.1028474644
2025-04-10 00:00:00+00:00,0.852815,0.857505,0.8140799999999999,0.819885,567267.1301479936
2025-04-11 00:00:00+00:00,0.81985,0.8257749999999999,0.809945,0.8149850000000001,556570.1096355021
2025-04-13 00:00:00+00:00,0.81816,0.818265,0.81348,0.81589,36847.770945072174
2025-04-14 00:00:00+00:00,0.8159000000000001,0.826845,0.81195,0.817645,423078.0459733978
2025-04-15 00:00:00+00:00,0.81765,0.8239449999999999,0.8132349999999999,0.818335,288281.02508342266
2025-04-16 00:00:00+00:00,0.818315,0.820125,0.812125,0.8179449999999999,365618.2955107093
2025-04-17 00:00:00+00:00,0.81793,0.82315,0.8159799999999999,0.8184450000000001,397500.0476030335
2025-04-18 00:00:00+00:00,0.818405,0.820775,0.816085,0.8166150000000001,1038242.8673132285
2025-04-20 00:00:00+00:00,0.8125,0.81257,0.810955,0.811175,22553.6604770422
2025-04-21 00:00:00+00:00,0.81118,0.812485,0.80398,0.811655,229428.32428326458
2025-04-22 00:00:00+00:00,0.811635,0.8287599999999999,0.8067150000000001,0.82145,349456.9065324366
2025-04-23 00:00:00+00:00,0.821455,0.831145,0.819745,0.828045,359032.23617421836
2025-04-24 00:00:00+00:00,0.828025,0.83111,0.82397,0.8309,250695.75373425335
2025-04-25 00:00:00+00:00,0.83091,0.833475,0.826675,0.827815,238716.55322437733
2025-04-27 00:00:00+00:00,0.82858,0.828665,0.8272550000000001,0.82833,15795.170358419418
2025-04-28 00:00:00+00:00,0.82833,0.83191,0.819785,0.823295,219864.8732700944
2025-04-29 00:00:00+00:00,0.82329,0.826435,0.82135,0.824145,237388.32348161936
2025-04-30 00:00:00+00:00,0.8241499999999999,0.82731,0.821415,0.826875,261538.8934804052
2025-05-01 00:00:00+00:00,0.8268800000000001,0.8333349999999999,0.825615,0.8301099999999999,239316.14319635928
2025-05-02 00:00:00+00:00,0.8301000000000001,0.830595,0.8205899999999999,0.826685,260429.02365197986
2025-05-04 00:00:00+00:00,0.82426,0.8248150000000001,0.822265,0.82271,14306.180332422256
2025-05-05 00:00:00+00:00,0.822695,0.827545,0.821445,0.824615,198142.45381462574
2025-05-06 00:00:00+00:00,0.82459,0.827215,0.821315,0.8260350000000001,263445.37361032516
2025-05-07 00:00:00+00:00,0.826045,0.826605,0.818575,0.8225,255858.68379641324
2025-05-08 00:00:00+00:00,0.822505,0.83325,0.822395,0.8327899999999999,294327.99386687577
2025-05-09 00:00:00+00:00,0.8328,0.834125,0.826955,0.8314649999999999,192247.262010172
2025-05-11 00:00:00+00:00,0.834005,0.83503,0.83335,0.8344199999999999,21869.680455684662
2025-05-12 00:00:00+00:00,0.834425,0.84764,0.8331,0.84362,355204.24487161636
2025-05-13 00:00:00+00:00,0.8436250000000001,0.84436,0.838125,0.838765,251623.1134248674
2025-05-14 00:00:00+00:00,0.83876,0.8436,0.83247,0.839825,319271.0744818151
2025-05-15 00:00:00+00:00,0.83982,0.840635,0.8329500000000001,0.8332900000000001,267368.67431244254
2025-05-16 00:00:00+00:00,0.833305,0.8400799999999999,0.832685,0.8376600000000001,187566.44314429164
2025-05-18 00:00:00+00:00,0.835345,0.836565,0.83449,0.8364,26326.580518722534
2025-05-19 00:00:00+00:00,0.836395,0.83659,0.831885,0.83466,281031.8139157295
2025-05-20 00:00:00+00:00,0.8346549999999999,0.83598,0.8254699999999999,0.8257099999999999,286280.03386965394
2025-05-21 00:00:00+00:00,0.8257000000000001,0.8266,0.8209599999999999,0.824345,344043.0446823463
2025-05-22 00:00:00+00:00,0.824345,0.830675,0.823395,0.82673,271648.06425747275
2025-05-23 00:00:00+00:00,0.8267249999999999,0.827215,0.82047,0.8210550000000001,271261.9240742922
2025-05-25 00:00:00+00:00,0.82239,0.8227599999999999,0.81992,0.8201350000000001,22817.010511636734
2025-05-26 00:00:00+00:00,0.82013,0.82332,0.818805,0.8197099999999999,154230.96280924976
2025-05-27 00:00:00+00:00,0.8197099999999999,0.82898,0.8189200000000001,0.8278399999999999,244570.37360271066
2025-05-28 00:00:00+00:00,0.827875,0.834795,0.824515,0.832295,300319.32462258637
2025-05-29 00:00:00+00:00,0.8322849999999999,0.833835,0.819925,0.822565,292279.2748224661
2025-05-30 00:00:00+00:00,0.82257,0.824935,0.82118,0.82254,257471.3741890788
2025-06-01 00:00:00+00:00,0.82229,0.82233,0.8209599999999999,0.821775,18539.270411849022
2025-06-02 00:00:00+00:00,0.821785,0.8230599999999999,0.8156950000000001,0.818245,231244.94375920296
2025-06-03 00:00:00+00:00,0.81824,0.824755,0.81691,0.82301,208473.49348911643
2025-06-04 00:00:00+00:00,0.823025,0.82501,0.81704,0.8187599999999999,223341.86358932406
2025-06-05 00:00:00+00:00,0.81877,0.821495,0.8172349999999999,0.820425,260159.1141397655
2025-06-06 00:00:00+00:00,0.820415,0.8248249999999999,0.81997,0.82221,210894.29330262542
2025-06-08 00:00:00+00:00,0.8214,0.82255,0.82096,0.821145,13888.390215039253
2025-06-09 00:00:00+00:00,0.82114,0.8236600000000001,0.81926,0.8235399999999999,142823.02193213254
2025-06-10 00:00:00+00:00,0.823555,0.8242050000000001,0.820385,0.82296,182824.5531634465
2025-06-11 00:00:00+00:00,0.82295,0.8234699999999999,0.81596,0.81683,193073.3230914548
2025-06-12 00:00:00+00:00,0.816835,0.81779,0.805605,0.80768,292909.6449332684
2025-06-13 00:00:00+00:00,0.807685,0.8148599999999999,0.8065500000000001,0.811545,251778.80385935307
2025-06-15 00:00:00+00:00,0.811905,0.8123549999999999,0.81084,0.8118449999999999,19270.23033452034
2025-06-16 00:00:00+00:00,0.81184,0.81471,0.80889,0.813995,198560.9830251634
2025-06-17 00:00:00+00:00,0.813995,0.817305,0.812055,0.81646,215148.14347063005
2025-06-18 00:00:00+00:00,0.81647,0.820345,0.815375,0.82026,219224.2837818414
2025-06-19 00:00:00+00:00,0.820265,0.82154,0.815605,0.816415,175544.81269299984
2025-06-20 00:00:00+00:00,0.81642,0.818415,0.81523,0.818225,160967.70219948888
2025-06-22 00:00:00+00:00,0.8178000000000001,0.81951,0.8173900000000001,0.818655,24487.110514640808
2025-06-23 00:00:00+00:00,0.818655,0.819415,0.811525,0.8129850000000001,259288.06516180933
2025-06-24 00:00:00+00:00,0.8129900000000001,0.813055,0.8034699999999999,0.8046500000000001,223910.42297062278
2025-06-25 00:00:00+00:00,0.80463,0.8080350000000001,0.80324,0.80356,151613.10214003175
2025-06-26 00:00:00+00:00,0.803545,0.804165,0.797845,0.800605,244334.90305802226
2025-06-27 00:00:00+00:00,0.80061,0.80181,0.795785,0.79891,194026.57245510817
2025-06-29 00:00:00+00:00,0.798325,0.7994749999999999,0.79817,0.798705,11219.650226473808
2025-06-30 00:00:00+00:00,0.798705,0.7994,0.791525,0.79296,200312.4627641067
2025-07-01 00:00:00+00:00,0.7929649999999999,0.79437,0.7872250000000001,0.79139,203656.1226760149
2025-07-02 00:00:00+00:00,0.79138,0.7941549999999999,0.79064,0.79108,164942.33246602863
2025-07-03 00:00:00+00:00,0.7910649999999999,0.7986800000000001,0.7900849999999999,0.794735,190579.3026669398
2025-07-04 00:00:00+00:00,0.794745,0.795285,0.79219,0.7942400000000001,240347.06443229318
2025-07-06 00:00:00+00:00,0.79418,0.79427,0.79355,0.79406,13723.430165052414
2025-07-07 00:00:00+00:00,0.794055,0.79907,0.793865,0.79712,203000.7422934398
2025-07-08 00:00:00+00:00,0.7971349999999999,0.7994749999999999,0.795335,0.796405,163319.87182489783
2025-07-09 00:00:00+00:00,0.79641,0.797905,0.79196,0.792805,152946.36164674908
2025-07-10 00:00:00+00:00,0.7928,0.798765,0.792685,0.79772,149363.53196232766
2025-07-11 00:00:00+00:00,0.79773,0.798195,0.795385,0.7966,124854.3015485704
2025-07-13 00:00:00+00:00,0.79681,0.7968500000000001,0.7957,0.796575,11443.760166406631
2025-07-14 00:00:00+00:00,0.796585,0.798495,0.795525,0.79782,134268.4414895326
2025-07-15 00:00:00+00:00,0.7978,0.80246,0.7953600000000001,0.8014749999999999,179187.94182121754
2025-07-16 00:00:00+00:00,0.8015,0.80617,0.794735,0.801435,228398.35388308764
2025-07-17 00:00:00+00:00,0.80145,0.80645,0.801425,0.80269,141922.30210450292
2025-07-18 00:00:00+00:00,0.8027150000000001,0.80367,0.798505,0.80167,113453.27144008875
2025-07-20 00:00:00+00:00,0.8012600000000001,0.802135,0.800805,0.80202,12521.890232205391
2025-07-21 00:00:00+00:00,0.802025,0.8022549999999999,0.79654,0.798285,158659.46216070652
2025-07-22 00:00:00+00:00,0.798275,0.79881,0.79202,0.7937099999999999,142370.86208601296
2025-07-23 00:00:00+00:00,0.793725,0.79496,0.791105,0.791845,189638.07182057202
2025-07-24 00:00:00+00:00,0.791855,0.796705,0.79164,0.7964450000000001,181691.2122597918
2025-07-25 00:00:00+00:00,0.7964500000000001,0.797965,0.7947,0.79531,142585.76172077656
2025-07-27 00:00:00+00:00,0.79545,0.79584,0.7944599999999999,0.7956099999999999,11816.580247759819
2025-07-28 00:00:00+00:00,0.795615,0.803895,0.7948850000000001,0.8032950000000001,185488.76155874133
2025-07-29 00:00:00+00:00,0.803295,0.80793,0.8025100000000001,0.8044450000000001,184730.60249367356
2025-07-30 00:00:00+00:00,0.80446,0.8151200000000001,0.803985,0.813185,262508.1438090727
2025-07-31 00:00:00+00:00,0.813185,0.814565,0.8111900000000001,0.814265,196602.7627478689
2025-08-01 00:00:00+00:00,0.81426,0.81715,0.802655,0.803955,286167.6141061187
2025-08-03 00:00:00+00:00,0.8040050000000001,0.8068500000000001,0.80387,0.80584,20719.21019923687
2025-08-04 00:00:00+00:00,0.80583,0.809685,0.80471,0.808655,215425.84261805564
2025-08-05 00:00:00+00:00,0.808665,0.8118000000000001,0.806515,0.807755,195616.22237687558
2025-08-06 00:00:00+00:00,0.80776,0.8094049999999999,0.80488,0.8057449999999999,165919.98196786642
2025-08-07 00:00:00+00:00,0.805755,0.80896,0.804315,0.806945,210598.55264844
2025-08-08 00:00:00+00:00,0.806945,0.80889,0.80645,0.8083750000000001,115589.04180192947
2025-08-10 00:00:00+00:00,0.807535,0.80803,0.8069649999999999,0.80701,5939.360147833824
2025-08-11 00:00:00+00:00,0.807005,0.8132,0.80612,0.8111,110192.49161078036
2025-08-12 00:00:00+00:00,0.811105,0.81187,0.806045,0.806775,230211.88273617625
2025-08-13 00:00:00+00:00,0.806785,0.807175,0.80221,0.8048649999999999,156852.94185228646
2025-08-14 00:00:00+00:00,0.804875,0.80928,0.804855,0.80738,168196.85253675282
2025-08-15 00:00:00+00:00,0.80739,0.8074600000000001,0.804565,0.80696,132648.9716808796
2025-08-17 00:00:00+00:00,0.806555,0.806995,0.806025,0.8060700000000001,7224.030152440071
2025-08-18 00:00:00+00:00,0.806075,0.808565,0.805485,0.8079,101955.651650697
2025-08-19 00:00:00+00:00,0.80791,0.80918,0.804735,0.808835,151724.6416338235
2025-08-20 00:00:00+00:00,0.80884,0.8093049999999999,0.803115,0.80498,140077.14186529815
2025-08-21 00:00:00+00:00,0.8049900000000001,0.8099099999999999,0.80467,0.809775,144915.74187265337
2025-08-22 00:00:00+00:00,0.809775,0.8104199999999999,0.800035,0.8016,181451.6520973444
2025-08-24 00:00:00+00:00,0.80247,0.803495,0.80247,0.803365,8175.980160355568
2025-08-25 00:00:00+00:00,0.803375,0.80713,0.80164,0.8042750000000001,137009.59220783412
2025-08-26 00:00:00+00:00,0.80428,0.80724,0.8025800000000001,0.8044,189702.77223104239
2025-08-27 00:00:00+00:00,0.8044,0.8076650000000001,0.8013699999999999,0.801545,157245.39185613394
2025-08-28 00:00:00+00:00,0.801555,0.80318,0.799415,0.803045,148072.7220113501
2025-08-29 00:00:00+00:00,0.8030349999999999,0.803545,0.798575,0.8004100000000001,135145.18182986975
2025-08-31 00:00:00+00:00,0.8006800000000001,0.8011900000000001,0.800635,0.8008599999999999,9393.23019516468
2025-09-01 00:00:00+00:00,0.800855,0.801725,0.79863,0.80123,107751.61159676313
2025-09-02 00:00:00+00:00,0.80124,0.8060849999999999,0.80085,0.80557,236099.9928509593
2025-09-03 00:00:00+00:00,0.80558,0.80681,0.80272,0.804075,176368.2121525705
2025-09-04 00:00:00+00:00,0.8040849999999999,0.807205,0.803975,0.8045100000000001,189445.02208945155
2025-09-05 00:00:00+00:00,0.804505,0.8048850000000001,0.795625,0.798,185622.4021716714
2025-09-07 00:00:00+00:00,0.79925,0.79941,0.7979149999999999,0.79823,13584.510261416435
2025-09-08 00:00:00+00:00,0.79822,0.79847,0.7921400000000001,0.7923100000000001,136471.9015558064
2025-09-09 00:00:00+00:00,0.7922899999999999,0.798505,0.79156,0.79782,201154.21199950576
2025-09-10 00:00:00+00:00,0.7977799999999999,0.79948,0.79616,0.79891,143150.50196238607
2025-09-11 00:00:00+00:00,0.79892,0.80084,0.79486,0.796575,180001.70250190794
2025-09-12 00:00:00+00:00,0.796565,0.798665,0.7955300000000001,0.7963549999999999,90886.38122523576
2025-09-14 00:00:00+00:00,0.796755,0.79683,0.796485,0.796655,5441.850097179413
2025-09-15 00:00:00+00:00,0.79666,0.7973,0.793645,0.794365,81620.25127923489
2025-09-16 00:00:00+00:00,0.794375,0.794375,0.785575,0.786815,177551.7722927928
2025-09-17 00:00:00+00:00,0.786825,0.7897350000000001,0.7829250000000001,0.78942,203888.42293965816
2025-09-18 00:00:00+00:00,0.7894,0.79379,0.787175,0.79322,203693.10235544294
2025-09-19 00:00:00+00:00,0.793225,0.79662,0.7920400000000001,0.7956799999999999,146555.88195210695
2025-09-21 00:00:00+00:00,0.796265,0.797045,0.79609,0.79655,11492.360226631165
2025-09-22 00:00:00+00:00,0.79657,0.7973049999999999,0.7909900000000001,0.79123,122198.4517558366
2025-09-23 00:00:00+00:00,0.7912300000000001,0.7933600000000001,0.7909349999999999,0.792145,155705.50212290138
2025-09-24 00:00:00+00:00,0.7921549999999999,0.795745,0.7918799999999999,0.794955,154394.8622339815
2025-09-25 00:00:00+00:00,0.794945,0.801415,0.79464,0.800075,184876.95236178488
2025-09-26 00:00:00+00:00,0.800055,0.80036,0.79732,0.797995,133668.51173958182
2025-09-28 00:00:00+00:00,0.797515,0.797535,0.796415,0.796485,7473.4101239442825
2025-09-29 00:00:00+00:00,0.79651,0.798755,0.795195,0.79788,144458.83157863468
2025-09-30 00:00:00+00:00,0.797885,0.7985850000000001,0.79393,0.7962549999999999,161688.32194788754
2025-10-01 00:00:00+00:00,0.79623,0.799015,0.79285,0.79626,239354.6425312385
2025-10-02 00:00:00+00:00,0.79625,0.800035,0.7951349999999999,0.79731,176165.11186061054
2025-10-03 00:00:00+00:00,0.7973,0.79803,0.79471,0.795535,156421.4516646862
2025-10-05 00:00:00+00:00,0.797245,0.797375,0.79598,0.796135,14701.230300664902
2025-10-06 00:00:00+00:00,0.796145,0.79939,0.79468,0.795725,209128.04213754088
2025-10-07 00:00:00+00:00,0.79572,0.80008,0.795275,0.80003,171907.37219183892
2025-10-08 00:00:00+00:00,0.80002,0.8028949999999999,0.79944,0.8007299999999999,149716.72177177668
2025-10-09 00:00:00+00:00,0.8007599999999999,0.80762,0.800415,0.806685,177993.80202767998
2025-10-10 00:00:00+00:00,0.806675,0.80671,0.798805,0.799905,176652.8220974207
2025-10-12 00:00:00+00:00,0.8023549999999999,0.802405,0.800915,0.801425,16974.160267472267
2025-10-13 00:00:00+00:00,0.801425,0.8058000000000001,0.80002,0.80428,163024.31187787652
2025-10-14 00:00:00+00:00,0.8042750000000001,0.80484,0.80027,0.80052,208698.37253457308
2025-10-15 00:00:00+00:00,0.800535,0.80108,0.79362,0.79391,176436.75213626027
2025-10-16 00:00:00+00:00,0.79389,0.7985,0.7908850000000001,0.791395,192500.33231505752
2025-10-17 00:00:00+00:00,0.7914,0.793745,0.78731,0.79346,228737.8424604535
2025-10-19 00:00:00+00:00,0.793655,0.79386,0.7927649999999999,0.7933049999999999,10788.960165143013
2025-10-20 00:00:00+00:00,0.7933,0.7943450000000001,0.790625,0.79254,120019.52151294798
2025-10-21 00:00:00+00:00,0.79254,0.7969200000000001,0.791825,0.795875,179679.69215724617
2025-10-22 00:00:00+00:00,0.79589,0.7973950000000001,0.79486,0.79704,141755.55159574747
2025-10-23 00:00:00+00:00,0.797045,0.7986850000000001,0.7947150000000001,0.795705,116250.96142291278
2025-10-24 00:00:00+00:00,0.7957000000000001,0.796845,0.793515,0.7956000000000001,136478.08182129264
2025-10-26 00:00:00+00:00,0.79611,0.796365,0.79528,0.79539,3888.9600814580917
2025-10-27 00:00:00+00:00,0.795385,0.7973,0.793895,0.7942100000000001,124311.72156623006
2025-10-28 00:00:00+00:00,0.7942199999999999,0.7967150000000001,0.79252,0.792985,153531.14199137688
2025-10-29 00:00:00+00:00,0.7929900000000001,0.802035,0.79285,0.7997350000000001,206780.7625478208
2025-10-30 00:00:00+00:00,0.79975,0.803705,0.79757,0.801175,191535.4124821201
2025-10-31 00:00:00+00:00,0.801175,0.805205,0.800915,0.8045100000000001,128949.99163979292
2025-11-02 00:00:00+00:00,0.80497,0.80531,0.804785,0.80497,6486.78008377552
2025-11-03 00:00:00+00:00,0.8049900000000001,0.80954,0.80386,0.8093,116141.0114459917
2025-11-04 00:00:00+00:00,0.809315,0.810835,0.806725,0.809635,134587.20164112747
2025-11-05 00:00:00+00:00,0.80963,0.812435,0.807945,0.809075,125553.0217936486
2025-11-06 00:00:00+00:00,0.809065,0.80992,0.80603,0.8069850000000001,110892.52166549861
2025-11-07 00:00:00+00:00,0.80699,0.8084450000000001,0.80321,0.804995,110487.00162443519
2025-11-09 00:00:00+00:00,0.807115,0.8071349999999999,0.8059000000000001,0.806265,5589.940114736557
2025-11-10 00:00:00+00:00,0.80627,0.806965,0.80444,0.8057650000000001,107820.14166210592
2025-11-11 00:00:00+00:00,0.80577,0.806175,0.798615,0.80093,126326.76128998399
2025-11-12 00:00:00+00:00,0.80092,0.8011550000000001,0.796755,0.7984249999999999,124828.25127641112
2025-11-13 00:00:00+00:00,0.79843,0.799425,0.7908550000000001,0.792905,169067.6916108504
2025-11-14 00:00:00+00:00,0.792905,0.794815,0.787815,0.79408,177757.5519842282
2025-11-16 00:00:00+00:00,0.7943100000000001,0.79474,0.7942400000000001,0.79455,4964.760045528412
2025-11-17 00:00:00+00:00,0.794555,0.7966500000000001,0.793195,0.7961199999999999,107230.27118709683
2025-11-18 00:00:00+00:00,0.7961050000000001,0.80036,0.7937799999999999,0.7998700000000001,136780.49170479923
2025-11-19 00:00:00+00:00,0.7998799999999999,0.8067150000000001,0.798575,0.8053950000000001,156773.47191622853
2025-11-20 00:00:00+00:00,0.8054,0.807805,0.80489,0.805095,170102.6522288546
2025-11-21 00:00:00+00:00,0.80511,0.8098799999999999,0.803565,0.8085,176268.82197774202
2025-11-23 00:00:00+00:00,0.8086949999999999,0.808975,0.80837,0.808575,2681.070037126541
2025-11-24 00:00:00+00:00,0.80856,0.8101849999999999,0.80606,0.8081400000000001,114922.9015904069
2025-11-25 00:00:00+00:00,0.8081400000000001,0.8102,0.805775,0.8075650000000001,146777.48181448132
2025-11-26 00:00:00+00:00,0.8075600000000001,0.80836,0.802965,0.80322,166904.662117891
2025-11-27 00:00:00+00:00,0.80323,0.8062499999999999,0.80265,0.804935,77639.57100025564
2025-11-28 00:00:00+00:00,0.8049299999999999,0.8071550000000001,0.802645,0.803735,383006.9768003598
2025-11-30 00:00:00+00:00,0.8033950000000001,0.80379,0.80299,0.80335,5654.740058660507
2025-12-01 00:00:00+00:00,0.80335,0.80497,0.79964,0.804895,159514.1518138796
2025-12-02 00:00:00+00:00,0.80489,0.805315,0.802165,0.8022050000000001,112771.53118281811
2025-12-03 00:00:00+00:00,0.802215,0.8027150000000001,0.799175,0.80017,142597.4410520792
2025-12-04 00:00:00+00:00,0.800155,0.8039700000000001,0.79956,0.8033,122918.90123552829
2025-12-05 00:00:00+00:00,0.803285,0.805525,0.801905,0.8048150000000001,128935.84137399495
2025-12-07 00:00:00+00:00,0.804835,0.804845,0.8037650000000001,0.8037700000000001,3245.000053882599
2025-12-08 00:00:00+00:00,0.8037650000000001,0.80857,0.802825,0.806735,119212.41138575226
2025-12-09 00:00:00+00:00,0.8067500000000001,0.808255,0.80501,0.8062100000000001,131382.91151991487
2025-12-10 00:00:00+00:00,0.8062100000000001,0.806475,0.7990200000000001,0.79955,162541.361747697
2025-12-11 00:00:00+00:00,0.79955,0.800135,0.79244,0.79453,175868.70194057375
2025-12-12 00:00:00+00:00,0.7945150000000001,0.796485,0.794195,0.79565,140066.17125943303
2025-12-14 00:00:00+00:00,0.79618,0.796815,0.79618,0.796285,3113.1800488233566
2025-12-15 00:00:00+00:00,0.796275,0.797375,0.79385,0.796115,115413.23149744421
2025-12-16 00:00:00+00:00,0.7961050000000001,0.7971,0.792635,0.79498,171590.38191259652
2025-12-17 00:00:00+00:00,0.794985,0.798765,0.793545,0.79489,169296.86159086972
2025-12-18 00:00:00+00:00,0.79489,0.796605,0.792805,0.794265,150383.95183659345
2025-12-19 00:00:00+00:00,0.794255,0.7962400000000001,0.79409,0.79556,132855.23158422112
2025-12-21 00:00:00+00:00,0.795435,0.79554,0.7945450000000001,0.794705,22302.590460419655
2025-12-22 00:00:00+00:00,0.7947,0.79535,0.7909349999999999,0.790965,100794.32124257088
2025-12-23 00:00:00+00:00,0.790975,0.7910649999999999,0.78667,0.78694,144543.5118181631
2025-12-24 00:00:00+00:00,0.78695,0.78969,0.786165,0.7880050000000001,162445.85232611
2025-12-25 00:00:00+00:00,0.7880149999999999,0.788805,0.786635,0.78806,34152.940629675984
2025-12-26 00:00:00+00:00,0.7880149999999999,0.790335,0.78763,0.78952,162225.0428463593
2025-12-28 00:00:00+00:00,0.78921,0.789345,0.7883,0.788405,4009.350071668625
2025-12-29 00:00:00+00:00,0.7883899999999999,0.791605,0.787345,0.788945,139954.2516905591
2025-12-30 00:00:00+00:00,0.7889550000000001,0.7924100000000001,0.787625,0.7918000000000001,106088.98112430423
2025-12-31 00:00:00+00:00,0.7917700000000001,0.794235,0.79162,0.792505,124551.14159342647
2026-01-01 00:00:00+00:00,0.792875,0.7928900000000001,0.7915449999999999,0.7915749999999999,4708.230087637901
2026-01-02 00:00:00+00:00,0.79156,0.794125,0.79013,0.792225,108519.55117084086
2026-01-04 00:00:00+00:00,0.793275,0.7933250000000001,0.7923,0.792895,4600.630089759827
2026-01-05 00:00:00+00:00,0.792905,0.796775,0.791265,0.791945,144651.2119129151
2026-01-06 00:00:00+00:00,0.791955,0.795955,0.790635,0.795455,149575.49135635793
2026-01-07 00:00:00+00:00,0.7954650000000001,0.79793,0.7944150000000001,0.7976300000000001,135204.73163171113
2026-01-08 00:00:00+00:00,0.7976350000000001,0.799975,0.79684,0.799245,107469.74126170576
2026-01-09 00:00:00+00:00,0.799245,0.8017700000000001,0.79862,0.80117,142187.9416994676
2026-01-11 00:00:00+00:00,0.801655,0.8017449999999999,0.797485,0.797515,9164.630120396614
2026-01-12 00:00:00+00:00,0.7975,0.79932,0.7956000000000001,0.7975300000000001,129369.65168549865
2026-01-13 00:00:00+00:00,0.7975300000000001,0.8015950000000001,0.796765,0.80131,142661.65163519233
2026-01-14 00:00:00+00:00,0.8013,0.802765,0.7983750000000001,0.7997650000000001,137774.1117072478
2026-01-15 00:00:00+00:00,0.7997650000000001,0.8040849999999999,0.799545,0.80379,136915.98125826567
2026-01-16 00:00:00+00:00,0.803795,0.803945,0.80062,0.80298,149063.18127536774
2026-01-18 00:00:00+00:00,0.7987500000000001,0.800435,0.79798,0.798385,12043.220270514488
2026-01-19 00:00:00+00:00,0.798395,0.800095,0.79625,0.7977449999999999,150526.77252155542
2026-01-20 00:00:00+00:00,0.79774,0.79785,0.7878050000000001,0.789955,273072.2235302627
2026-01-21 00:00:00+00:00,0.789945,0.7968949999999999,0.7889900000000001,0.79521,236969.03284887224
2026-01-22 00:00:00+00:00,0.7952250000000001,0.795945,0.788705,0.789435,165250.91203214228
2026-01-23 00:00:00+00:00,0.7894,0.791455,0.77888,0.7800149999999999,194703.27242434025
2026-01-25 00:00:00+00:00,0.7779750000000001,0.779375,0.77725,0.77738,12624.030281186104
2026-01-26 00:00:00+00:00,0.77737,0.77938,0.77309,0.77719,261252.0637577176
2026-01-27 00:00:00+00:00,0.7771950000000001,0.778415,0.760445,0.76379,335233.07457588613
2026-01-28 00:00:00+00:00,0.763785,0.77278,0.76286,0.76566,328518.13510303944
2026-01-29 00:00:00+00:00,0.76567,0.7706200000000001,0.7636449999999999,0.767165,313212.7051206231
2026-01-30 00:00:00+00:00,0.76715,0.773225,0.766285,0.773035,359605.0259088278
2026-02-01 00:00:00+00:00,0.77378,0.77378,0.7717499999999999,0.77271,11686.90026819706
2026-02-02 00:00:00+00:00,0.77269,0.78175,0.77144,0.7784150000000001,287312.56492108107
2026-02-03 00:00:00+00:00,0.77842,0.77895,0.773865,0.776335,207874.94311448932
2026-02-04 00:00:00+00:00,0.776345,0.7778,0.77458,0.77692,198694.4332512915
2026-02-05 00:00:00+00:00,0.776915,0.778735,0.7742249999999999,0.777325,229102.6236600876
2026-02-06 00:00:00+00:00,0.77732,0.7786150000000001,0.775085,0.7759050000000001,127913.55191653967
2026-02-08 00:00:00+00:00,0.775875,0.7760050000000001,0.77528,0.775435,8185.150172591209
2026-02-09 00:00:00+00:00,0.77543,0.7765249999999999,0.765775,0.7674449999999999,201843.02285051346
2026-02-10 00:00:00+00:00,0.76745,0.76884,0.762925,0.76797,182862.87264198065
2026-02-11 00:00:00+00:00,0.7679750000000001,0.773025,0.76484,0.77049,257650.60363838077
2026-02-12 00:00:00+00:00,0.770495,0.7725150000000001,0.766695,0.76902,224096.29310545325
2026-02-13 00:00:00+00:00,0.76903,0.77184,0.767045,0.76753,167275.75233355165
2026-02-15 00:00:00+00:00,0.768365,0.768815,0.768175,0.7686649999999999,4094.9300842285156
2026-02-16 00:00:00+00:00,0.768675,0.7704599999999999,0.7679,0.7698400000000001,76835.87118548155
2026-02-17 00:00:00+00:00,0.76983,0.7738400000000001,0.768785,0.770275,61236.38091480732
2026-02-18 00:00:00+00:00,0.770235,0.7733,0.769995,0.77274,127728.6917746067
2026-02-19 00:00:00+00:00,0.772735,0.776285,0.7720400000000001,0.775375,149044.77192419767
2026-02-20 00:00:00+00:00,0.7753950000000001,0.7772300000000001,0.77306,0.77582,206018.31267619133
2026-02-22 00:00:00+00:00,0.77181,0.7724,0.771225,0.77128,9193.230152726173
2026-02-23 00:00:00+00:00,0.771265,0.7768299999999999,0.771045,0.7746900000000001,158565.9020243883
2026-02-24 00:00:00+00:00,0.7746999999999999,0.776615,0.773055,0.7735000000000001,144048.0219398141
2026-02-25 00:00:00+00:00,0.773495,0.7757700000000001,0.771655,0.771855,142039.20201188326
2026-02-26 00:00:00+00:00,0.77188,0.7754000000000001,0.77105,0.77341,145356.9919770956
2026-02-27 00:00:00+00:00,0.77342,0.773925,0.7671600000000001,0.76952,166546.89199531078
2026-03-01 00:00:00+00:00,0.76956,0.76999,0.7684200000000001,0.7687900000000001,9009.640199661255
2026-03-02 00:00:00+00:00,0.768795,0.781355,0.76787,0.779215,280216.11426430196
2026-03-03 00:00:00+00:00,0.779195,0.787875,0.77847,0.7821750000000001,350497.0652657449
2026-03-04 00:00:00+00:00,0.78218,0.78351,0.778395,0.77842,257817.42397877574
2026-03-05 00:00:00+00:00,0.7784150000000001,0.78377,0.7782450000000001,0.78076,274452.43418344855
2026-03-06 00:00:00+00:00,0.780735,0.7827649999999999,0.77582,0.77598,255655.853987813
2026-03-08 00:00:00+00:00,0.78121,0.78196,0.780915,0.781765,10797.140199661255
2026-03-09 00:00:00+00:00,0.78176,0.782565,0.776595,0.777165,335374.24506926537
2026-03-10 00:00:00+00:00,0.7771699999999999,0.779315,0.774815,0.778535,260110.91362646222
2026-03-11 00:00:00+00:00,0.77854,0.782095,0.776545,0.781255,231957.92306676507
2026-03-12 00:00:00+00:00,0.781265,0.7863549999999999,0.780135,0.78509,197425.51272641867
2026-03-13 00:00:00+00:00,0.785095,0.791705,0.78486,0.791595,193483.48254972696
2026-03-15 00:00:00+00:00,0.78995,0.78998,0.78888,0.7890600000000001,5575.890111684799
2026-03-16 00:00:00+00:00,0.7890550000000001,0.7922899999999999,0.786505,0.78839,164351.43249586225
2026-03-17 00:00:00+00:00,0.788405,0.79003,0.784365,0.78526,154383.25203564763
2026-03-18 00:00:00+00:00,0.785255,0.7936300000000001,0.784895,0.7920050000000001,205647.8528265655
2026-03-19 00:00:00+00:00,0.792,0.7958050000000001,0.785765,0.788665,359409.92477089167
2026-03-20 00:00:00+00:00,0.788645,0.790565,0.78555,0.7879750000000001,208366.89292550087
2026-03-22 00:00:00+00:00,0.78778,0.7893749999999999,0.78754,0.788975,11597.800191402435
2026-03-23 00:00:00+00:00,0.788975,0.7939849999999999,0.783455,0.788215,463738.0068299547
2026-03-24 00:00:00+00:00,0.7882199999999999,0.792495,0.78599,0.78748,319764.634596549
2026-03-25 00:00:00+00:00,0.787485,0.79245,0.7872399999999999,0.7919,235903.1929461956
2026-03-26 00:00:00+00:00,0.791885,0.79593,0.791345,0.795085,196560.46253487468
2026-03-27 00:00:00+00:00,0.79508,0.799355,0.7945450000000001,0.79905,189302.98264312744
2026-03-29 00:00:00+00:00,0.7998449999999999,0.799995,0.79835,0.7988550000000001,15841.010330080986
2026-03-30 00:00:00+00:00,0.7988649999999999,0.8013,0.79793,0.7984,172162.3225249648
2026-03-31 00:00:00+00:00,0.79839,0.80425,0.797625,0.79773,239705.23321451247
